{
  "project_info": {
    "project_number": "666820382983",
    "project_id": "project-bobtong",
    "storage_bucket": "project-bobtong.appspot.com"
  },
  "client": [
    {
      "client_info": {
        "mobilesdk_app_id": "1:666820382983:android:b8f7c1ef2c3b65263f35a2",
        "android_client_info": {
          "package_name": "com.example.project_bobtong"
        }
      },
      "oauth_client": [],
      "api_key": [
        {
          "current_key": "AIzaSyBKJb2pPMh9CMzrRh6jBcF22n88Se-y3eo"
        }
      ],
      "services": {
        "appinvite_service": {
          "other_platform_oauth_client": []
        }
      }
    }
  ],
  "configuration_version": "1"
}